arr_rate,srv_rate,tellers,duration,mean_wait,total_cust,max_wait
3.6341,1.7876,5,225.81,0.0427,823,1.3192
3.7362,2.71,2,295.38,0.2986,1113,2.5859
3.5817,2.6642,2,156.24,0.2287,593,1.9275
3.3229,1.9587,5,155.53,0.0141,507,0.986
3.821,1.3212,3,80.09,1.8828,296,4.9271
3.7055,2.4254,1,178.1,29.1918,475,56.4688
3.8313,2.1098,2,217.13,0.9889,814,4.1449
2.1821,1.5553,5,211.43,0.0084,456,0.7101
0.9145,2.4517,3,101.74,0.0,103,0.0
1.1934,0.8469,4,240.09,0.0105,274,0.7203
3.6203,2.8029,4,196.42,0.0056,708,0.6818
1.8615,2.7379,4,280.01,0.0002,541,0.0741
0.9902,2.7297,2,164.85,0.0359,151,1.447
3.8819,2.664,2,204.73,0.3578,779,2.3236
2.9528,2.0424,1,141.79,16.6847,286,40.3355
3.6017,4.4122,2,169.62,0.0265,618,0.3933
1.7073,4.2667,4,221.93,0.0,355,0.0
4.2905,0.8744,4,118.48,12.3815,410,29.8249
1.374,3.0761,2,185.01,0.0068,251,0.2636
1.2204,4.6358,2,63.87,0.0111,79,0.2864
3.1749,3.0055,4,226.93,0.0018,740,0.39
1.9344,3.6139,2,153.35,0.0208,331,0.777
4.6631,4.2875,5,154.31,0.0004,738,0.1734
1.5409,2.2108,4,229.19,0.0,336,0.0
4.9791,2.1016,5,73.84,0.0081,358,0.3826
0.6936,4.4377,2,155.73,0.0,93,0.0
1.5839,2.0456,1,192.49,2.045,307,8.5695
1.5811,4.4816,3,106.36,0.0008,148,0.0791
1.8216,4.1807,5,136.03,0.0,223,0.0
2.0942,1.2699,2,174.83,0.9866,387,5.2307
2.8452,3.1128,2,60.65,0.0644,172,1.3305
4.9476,4.574,2,189.86,0.0831,933,0.7642
2.5207,1.7704,2,296.07,0.55,761,3.3245
1.6589,3.0396,1,144.49,0.1965,234,1.7917
3.3475,4.429,4,204.17,0.0006,689,0.1516
4.3964,4.9258,4,75.71,0.0004,348,0.0636
0.5241,4.4913,1,191.46,0.0281,102,0.7272
0.92,1.8359,1,118.04,0.0659,94,0.7125
0.7524,0.804,5,238.05,0.0,191,0.0
0.7186,3.6891,5,151.56,0.0,115,0.0
4.1332,4.1497,3,133.55,0.0137,561,0.3522
3.4937,1.0013,3,177.16,18.2879,488,47.8644
2.7607,2.3151,2,165.17,0.1459,435,1.4239
3.9429,3.0454,4,271.52,0.007,1126,0.4025
3.1282,2.6486,2,282.62,0.1141,848,1.3318
3.8782,3.0833,2,79.0,0.1614,303,1.5089
4.3673,4.1968,2,281.87,0.0692,1250,0.9589
0.8583,2.6843,5,89.34,0.0,69,0.0
1.4063,4.1524,2,253.91,0.0069,369,0.3583
0.5334,2.9822,3,199.72,0.0,105,0.0
1.4274,3.7299,3,225.78,0.0013,314,0.4031
4.2478,3.1658,3,67.73,0.0195,263,0.411
3.8515,2.6281,2,76.03,0.7253,338,3.2543
3.4401,4.9824,4,227.96,0.0005,808,0.1701
3.4753,0.7209,2,184.49,55.7595,275,102.681
2.4164,4.0468,3,253.58,0.0003,593,0.0931
3.2133,3.4485,1,104.86,1.2233,324,4.348
2.3778,4.9507,3,280.04,0.0022,651,0.2937
4.6328,0.9108,1,135.63,54.8706,115,110.1876
2.7118,4.1906,5,82.93,0.0,241,0.0
1.5721,4.1351,5,70.37,0.0,107,0.0
1.8588,4.9126,1,186.77,0.1099,323,1.41
2.9922,1.0274,2,83.29,15.2475,147,26.5576
2.5786,4.8335,3,251.74,0.0003,631,0.0936
4.0948,1.4371,2,231.74,28.176,678,59.678
2.3473,1.3595,1,224.07,46.8024,288,102.602
4.7598,4.6095,4,180.5,0.0005,863,0.1513
0.8035,4.9686,1,149.83,0.0303,128,0.7957
1.4631,0.9745,2,211.13,0.6352,307,5.0762
2.3046,3.8508,5,146.95,0.0,352,0.0
0.5267,2.1457,2,173.9,0.0066,99,0.5172
2.9702,2.4625,5,154.46,0.002,496,0.273
4.2714,3.4324,1,90.47,8.6835,311,19.3086
3.9972,0.7065,5,242.99,19.3716,855,38.5529
4.2023,2.0885,5,163.16,0.0065,694,0.6009
4.428,2.1018,3,76.74,0.1814,332,1.553
4.9909,3.3699,2,95.07,0.3824,489,1.9095
4.2751,1.7474,2,233.08,17.8713,791,40.3751
0.5348,0.8817,3,136.37,0.0014,86,0.1239
3.4409,2.0971,2,114.11,0.6035,411,3.6471
3.0747,3.4743,4,78.6,0.0001,265,0.0258
4.5143,0.6555,1,201.0,88.9663,135,175.0642
4.7671,3.0022,4,211.4,0.0103,1028,0.4677
1.9882,4.5005,1,72.5,0.1025,151,1.7543
2.3305,2.1758,5,294.18,0.0007,652,0.3254
2.615,0.6764,4,277.01,1.765,689,6.5036
3.2339,4.1538,5,143.9,0.0,455,0.0
2.2544,3.8966,5,156.54,0.0,364,0.0
0.968,2.5967,3,143.71,0.0012,135,0.1666
3.3559,1.7323,3,127.77,0.291,438,3.022
2.3834,2.3715,4,257.35,0.002,581,0.2585
3.6933,4.8171,4,260.56,0.0006,977,0.2113
3.7395,2.7977,5,140.23,0.0011,535,0.2376
2.9389,3.1102,3,105.92,0.0097,317,0.3252
3.5461,1.4698,2,79.85,9.292,241,15.5156
3.1127,3.3302,1,233.45,7.1962,697,19.6488
0.8797,4.9125,1,115.84,0.0457,86,0.8814
3.8601,4.0,5,103.8,0.0,412,0.0
2.3924,4.4101,5,92.71,0.0,238,0.0
1.3061,2.9816,3,245.49,0.0003,304,0.0816
3.5977,1.4194,5,158.8,0.0873,573,1.615
0.6326,0.7429,3,80.98,0.1894,44,2.1988
2.0606,4.7496,1,149.19,0.3122,313,2.9465
3.9831,3.8407,1,161.09,3.2316,600,7.3306
1.4812,4.3059,1,97.57,0.0652,124,1.1419
1.4192,2.6768,1,278.33,0.3601,439,3.2649
0.6954,3.682,3,69.76,0.0,43,0.0
1.9974,4.762,2,206.87,0.0052,412,0.2329
1.4276,1.2428,5,139.39,0.0007,204,0.1344
1.8722,2.679,4,288.06,0.0011,525,0.1743
4.1718,1.9534,1,268.15,72.8324,515,144.1841
0.901,3.5399,2,152.6,0.0139,148,0.5974
3.7995,1.1113,2,104.37,22.2014,225,43.7905
4.7922,0.963,1,262.58,109.8928,255,209.0539
4.4919,1.8528,1,201.2,59.9257,400,115.2966
0.9442,0.9335,1,241.62,3.6767,197,15.6205
1.126,2.1761,2,276.67,0.0399,306,1.0026
2.0794,2.6979,2,286.37,0.063,605,1.6853
1.6031,0.5592,2,278.41,39.9647,329,77.2283
2.2779,2.6123,3,190.29,0.0198,485,0.6347
4.3651,3.4347,4,156.56,0.0053,644,0.4142
1.4204,3.9679,1,296.27,0.1423,401,2.0222
1.6545,2.2822,4,299.74,0.0009,519,0.172
0.6828,3.4062,1,149.97,0.0311,131,1.1134
3.2908,1.9897,1,215.63,42.2436,430,85.5698
3.7967,3.5514,4,109.3,0.0002,385,0.0465
3.051,4.8061,1,254.52,0.2358,738,1.8976
1.09,3.2548,5,182.24,0.0,191,0.0
0.5103,1.3366,2,295.34,0.0228,172,1.5275
4.4722,4.6376,4,196.65,0.0004,881,0.1649
3.0396,1.3315,4,90.63,0.1628,297,2.3631
4.5224,2.7343,3,133.36,0.0454,520,0.7477
4.6258,2.8293,1,265.84,53.54,712,103.8082
4.6507,1.8652,4,247.1,0.1278,1153,1.7885
3.5399,3.9782,4,155.42,0.0026,593,0.2268
2.65,3.2773,1,298.19,0.9018,758,4.7066
0.9448,1.4927,5,95.45,0.0,103,0.0
1.779,4.0066,2,143.57,0.0126,274,0.3859
4.5431,4.3939,5,74.15,0.0,332,0.0079
3.4753,2.2027,2,234.5,0.6779,797,3.6814
3.5201,1.6138,3,239.36,0.3124,824,2.5509
4.5133,4.8045,1,251.46,1.6944,1139,7.0347
3.3256,0.6725,3,225.14,43.2385,449,74.5818
1.3306,3.0635,4,241.67,0.0,321,0.0
0.9955,4.1769,1,188.18,0.0813,198,0.9975
2.2358,1.6188,1,68.97,6.9872,112,18.8542
3.9202,2.8712,2,90.48,0.2442,368,1.5846
4.2252,1.7838,1,178.07,53.1077,325,103.3887
2.4885,1.933,1,274.95,32.9859,519,69.2025
2.159,4.4214,1,215.56,0.2435,513,3.7427
4.3629,4.336,4,210.96,0.0018,918,0.2874
1.4829,4.1306,2,205.25,0.0026,296,0.2467
3.7281,3.7209,1,183.87,6.4452,632,12.2709
4.0669,1.5933,2,282.8,32.6744,872,68.2772
4.2691,3.78,4,186.17,0.002,759,0.3467
2.5081,3.4853,4,66.61,0.0001,188,0.0128
0.6436,3.6561,2,86.1,0.0,60,0.0
2.9605,2.6528,1,210.22,12.3219,520,26.4208
2.5573,1.5033,4,84.93,0.0307,206,0.6785
3.4994,1.3641,5,101.82,0.0214,358,0.6618
4.2871,4.639,2,131.66,0.0416,583,0.7277
4.7381,4.5898,3,249.09,0.0068,1152,0.338
2.4337,1.0602,5,272.04,0.0203,666,0.9417
2.9957,2.9868,3,138.47,0.0119,428,0.3872
1.3073,2.6006,2,184.46,0.0123,233,0.7093
2.9882,3.607,2,140.7,0.0444,410,0.7452
4.9814,3.4645,5,98.13,0.0011,499,0.1124
1.4942,2.1071,5,209.12,0.0,295,0.0
0.5765,1.5149,5,171.25,0.0,107,0.0
1.6055,2.4152,5,125.81,0.0,194,0.0
1.0264,1.0209,2,268.08,0.5357,263,4.2475
4.6397,2.2983,4,217.33,0.0359,1028,0.9304
3.941,4.1464,1,258.7,2.0682,1035,7.8918
4.4558,3.6833,1,207.81,12.1894,756,23.0315
2.5014,4.951,4,184.51,0.0,469,0.0
3.941,0.9772,1,113.76,39.4481,128,74.9249
4.01,4.0652,4,144.32,0.0009,551,0.1769
3.0086,1.2458,5,165.71,0.0219,482,1.3203
4.2983,0.8429,4,172.04,13.2695,594,26.5066
1.6895,4.7463,4,251.13,0.0,459,0.0081
2.8963,2.4512,5,141.21,0.0011,400,0.2178
3.9836,2.6421,2,209.91,0.421,852,3.7276
0.8916,3.8385,2,263.4,0.0007,210,0.1009
4.7536,1.8054,2,120.33,16.0525,410,37.3995
1.9573,3.5106,5,236.01,0.0,458,0.0
4.9757,2.7554,2,211.06,0.7032,1034,4.0777
3.4916,1.4525,3,101.43,0.5125,332,4.6202
4.5442,3.2945,5,188.87,0.0007,861,0.1454
3.0365,1.5602,1,255.2,65.4419,357,133.5921
4.3697,0.9658,1,122.69,45.5809,124,86.8916
2.0113,4.1075,5,126.88,0.0,238,0.0
0.8149,2.8368,1,189.4,0.1579,148,1.7794
3.8863,4.6604,4,100.91,0.0023,400,0.2248
3.0175,2.2761,4,244.55,0.0082,749,0.5832
3.2844,2.756,4,166.7,0.0044,524,0.3608
2.0363,3.5537,4,287.3,0.0003,574,0.152
4.6191,3.8953,1,183.45,9.79,700,24.0261
1.1596,1.7251,5,137.81,0.0,147,0.0
3.8948,1.0108,2,261.6,57.6958,529,116.561
4.4091,3.1357,3,209.99,0.0405,889,0.7995
2.9949,4.8905,4,150.8,0.0004,429,0.1185
2.839,4.0604,4,109.4,0.0,303,0.0
3.4252,4.7141,3,141.45,0.0031,507,0.2198
4.2093,1.19,4,123.62,1.1891,521,6.2452
1.0732,4.9457,3,133.71,0.0,137,0.0
3.0392,3.9078,1,287.42,0.9185,939,3.6986
4.2852,1.2141,2,119.1,26.2808,296,51.7947
1.4241,3.5817,4,202.95,0.0,278,0.0
2.0927,2.5129,5,134.52,0.0,323,0.0
2.2424,3.0014,2,168.6,0.0466,344,0.7569
4.3021,1.5166,1,151.97,52.3225,215,100.8498
3.6214,3.6048,1,278.01,18.8543,945,33.637
2.2548,3.9347,5,176.44,0.0,346,0.0
1.4933,1.8229,5,164.69,0.0,231,0.0
2.2687,3.4404,3,294.49,0.0035,635,0.3577
1.7059,3.5393,2,290.47,0.0252,529,0.7127
0.598,4.8758,2,281.03,0.003,177,0.3105
2.2044,1.7819,4,67.37,0.0033,160,0.2336
4.9327,0.5601,3,290.38,88.1678,497,193.7534
2.7181,3.8823,2,156.64,0.0355,420,0.7386
2.2683,4.4794,2,119.34,0.0108,290,0.4409
3.7314,1.7775,1,169.32,52.2158,301,98.7323
2.2704,4.1555,3,269.12,0.0017,596,0.29
2.2428,2.9165,3,203.14,0.0052,448,0.5073
2.3228,3.4228,1,252.56,0.6646,584,4.3151
1.778,2.694,3,257.21,0.005,445,0.3482
0.7027,3.5271,5,84.42,0.0,55,0.0
4.2907,3.2638,5,273.61,0.0006,1222,0.1417
0.7055,1.4086,2,202.02,0.0499,134,1.6084
4.6035,1.9237,5,150.74,0.0391,726,1.1347
3.0667,3.1988,3,84.28,0.0196,236,0.7554
2.8227,3.0101,5,158.41,0.0001,433,0.0564
4.3793,1.145,4,204.95,1.6032,869,6.9064
3.2938,4.5059,3,104.11,0.0031,329,0.2365
0.8671,0.8654,5,152.08,0.0,121,0.0
0.7733,4.5339,2,251.33,0.0009,174,0.1635
4.3595,1.0605,3,233.32,33.5352,755,69.4623
4.6944,3.506,4,178.53,0.0054,825,0.3663
1.3054,1.0513,2,268.93,0.6819,334,4.4446
3.6247,4.527,4,184.87,0.0004,686,0.113
2.7441,2.5418,1,188.43,9.8832,479,23.0245
2.4034,1.2089,1,153.87,43.1741,177,80.407
1.3091,2.1403,2,134.22,0.0554,178,2.6271
3.7662,4.5459,1,63.78,0.5333,230,3.3577
0.6354,2.0259,2,282.0,0.005,177,0.4199
4.5818,4.2045,4,237.58,0.0018,1056,0.2525
3.8223,3.8954,3,222.85,0.0086,840,0.4328
2.5626,3.7133,3,234.53,0.0062,606,0.5339
3.1151,2.1395,5,141.67,0.0014,450,0.3208
1.3703,3.943,1,260.99,0.1389,355,1.8717
3.4382,4.4448,1,142.34,0.4706,444,1.9485
3.3681,0.5573,5,159.94,6.7804,450,19.499
2.4451,2.665,5,124.02,0.0002,288,0.0509
4.181,3.3872,3,184.38,0.0319,821,0.7605
3.3047,1.5847,1,202.71,59.042,299,115.0419
0.5763,2.8422,5,253.78,0.0,141,0.0
4.071,2.8179,3,175.97,0.0478,717,0.7064
0.6113,1.8894,1,220.25,0.1073,145,1.0537
2.0022,3.685,4,289.05,0.0006,603,0.1425
0.8906,2.5851,1,192.96,0.1121,164,1.7859
1.9142,4.2119,4,229.05,0.0006,423,0.0931
3.8362,2.358,1,262.48,47.7968,610,97.6293
2.9537,3.2987,2,195.29,0.0946,585,1.8807
0.544,1.4968,2,165.26,0.079,103,1.9473
3.6704,4.1155,2,142.49,0.0598,528,1.0365
1.3231,4.124,3,77.71,0.0,98,0.0
1.7502,2.1919,4,62.68,0.0003,115,0.0344
2.2556,3.4061,5,208.26,0.0001,477,0.0438
2.2897,2.5131,4,251.57,0.0009,535,0.1644
4.3203,4.2276,2,151.15,0.107,628,1.3148
1.3687,0.7031,3,79.24,0.2559,103,2.4918
2.414,4.7567,3,126.47,0.0003,315,0.0364
0.5017,3.1791,4,133.74,0.0,46,0.0
3.5125,1.8243,3,228.56,0.1628,805,2.3329
3.5811,2.7165,4,267.68,0.0071,956,0.5231
3.8704,1.6176,5,238.71,0.0382,938,0.9841
0.6991,1.4417,1,140.62,0.5629,106,5.4045
1.4867,2.259,2,279.86,0.0488,393,1.3581
3.3223,3.6792,4,128.83,0.0013,440,0.2418
4.9628,3.0219,5,297.55,0.0028,1452,0.3764
4.0425,2.4791,2,63.67,0.5,251,2.7224
4.6489,1.6414,2,198.1,28.6535,632,60.9807
2.7895,4.3775,2,99.6,0.0179,259,0.9284
1.3339,3.5608,5,200.29,0.0,267,0.0
0.7997,1.4958,4,223.15,0.0,177,0.0
2.3462,1.8153,1,165.61,16.6349,302,39.1697
1.0985,2.8248,2,281.29,0.0182,320,0.9214
3.3172,2.5267,2,185.11,0.2541,545,2.0086
1.6971,1.3446,2,131.15,0.5017,244,3.329
2.5537,1.1254,3,204.6,0.5561,514,4.6642
3.6783,1.789,3,250.17,0.2803,899,2.4004
4.8103,1.2578,3,267.53,28.8236,1021,53.7442
3.8379,4.4898,4,193.96,0.0021,762,0.356
1.2055,2.2607,5,149.62,0.0,182,0.0
0.676,3.1275,5,215.38,0.0,144,0.0
1.7283,3.9061,2,271.79,0.0116,458,0.4343
0.9195,1.0539,3,230.53,0.0052,195,0.8561
3.0625,2.3222,2,293.95,0.3735,925,2.5574
4.4032,3.5313,4,87.75,0.0021,370,0.1408
2.7522,4.7245,4,109.86,0.0002,287,0.0356
4.7491,3.5402,5,279.97,0.002,1367,0.3167
3.2541,1.2293,1,258.68,78.6067,303,160.6185
1.1277,4.7279,3,134.03,0.0,164,0.0
1.4343,3.5891,2,105.56,0.006,136,0.4207
1.6397,4.0537,1,258.78,0.2574,453,2.8469
4.396,0.9818,4,178.52,8.5564,698,22.4025
0.5873,0.5348,1,182.34,21.7637,96,34.9903
2.7761,0.8091,1,130.9,43.5344,115,87.907
1.0288,0.8084,5,84.01,0.0007,86,0.0583
0.5152,1.7828,3,263.51,0.0,142,0.0
2.2794,0.9248,5,218.86,0.0428,474,1.3072
1.7851,4.9461,5,290.83,0.0,528,0.0
1.1255,3.7286,5,268.37,0.0,289,0.0
4.9773,1.37,3,120.3,7.6904,505,11.4521
1.0464,4.9491,5,202.38,0.0,204,0.0
1.5329,3.7342,5,289.46,0.0,405,0.0
2.4733,4.9152,1,289.11,0.1553,686,1.4666
2.1131,2.6974,4,90.3,0.0,169,0.0
0.5096,3.887,3,266.0,0.0,142,0.0
2.2282,2.7145,3,233.82,0.0141,495,0.8406
3.0819,4.6771,3,216.42,0.0076,676,0.461
2.2688,4.6988,3,139.87,0.0009,314,0.2071
3.6952,4.8768,3,222.5,0.0042,816,0.2759
2.3716,0.7851,3,111.68,1.2113,221,6.5553
1.6095,4.2983,4,258.28,0.0002,398,0.0605
3.3382,4.3764,1,60.92,0.2679,182,1.5426
4.5498,3.6934,1,175.41,21.1602,625,38.8922
2.3882,2.5913,5,88.03,0.0002,203,0.0424
4.6446,2.6774,4,118.91,0.0166,578,0.699
1.4178,0.9139,3,159.16,0.2357,214,3.1135
3.1788,1.1013,1,118.28,41.419,139,73.8608
1.4329,0.5997,3,282.6,1.1346,414,8.698
3.2485,3.7754,5,82.65,0.0,275,0.0
2.0068,4.4137,1,254.1,0.1664,513,1.4104
4.3321,4.9964,4,84.46,0.0039,368,0.428
1.8147,2.7445,2,79.6,0.0207,150,0.6309
0.5454,4.3724,3,284.18,0.0,156,0.0
0.8265,2.2764,3,118.84,0.0017,104,0.18
3.0678,1.1103,3,103.21,2.0311,333,6.5324
3.3592,3.8399,4,171.35,0.0005,607,0.1051
1.8183,2.2483,3,134.08,0.0093,249,0.7664
2.9689,1.1607,5,143.71,0.1189,419,1.3197
4.1151,4.1145,4,212.06,0.0006,815,0.1006
0.8358,3.9411,1,168.61,0.0546,147,1.0368
3.2983,0.5824,1,279.71,111.0329,167,229.3797
1.8586,1.0059,1,286.67,58.8078,290,117.6773
1.6196,0.5972,4,273.4,0.2197,435,2.6494
3.619,3.9426,3,236.53,0.0051,818,0.3177
3.0207,4.8069,2,272.97,0.0207,800,0.665
3.2288,0.8613,4,73.63,0.4355,228,2.6941
1.9336,0.7137,5,278.97,0.1902,535,2.2742
2.2626,1.8894,4,135.29,0.0164,341,0.5119
4.7337,3.7699,5,244.46,0.0003,1128,0.1142
4.8065,4.1729,4,115.51,0.0016,552,0.177
1.5894,1.4582,4,284.28,0.0069,463,0.7291
4.7825,0.9043,3,210.73,43.9238,553,89.5032
2.5038,0.5331,3,170.84,33.291,260,63.4614
0.8319,4.92,5,115.71,0.0,100,0.0
1.1287,1.6483,3,81.25,0.0587,83,1.0321
3.1549,1.0815,2,225.26,32.6184,476,70.9858
4.4081,4.8724,3,240.69,0.0062,1029,0.361
2.8603,1.6469,5,195.94,0.0028,571,0.3513
2.0662,2.3581,1,298.63,1.9055,624,8.9866
4.6165,2.2996,4,264.58,0.0349,1218,0.7039
3.532,0.7489,4,258.46,20.8906,764,34.3128
3.6064,2.731,1,112.58,16.9707,332,27.0893
4.7181,0.7157,5,169.61,24.7915,574,48.1929
4.2403,1.7287,4,254.33,0.1826,1102,1.7525
0.8833,1.0592,2,256.14,0.1939,215,3.0865
3.1796,3.6857,2,231.45,0.035,724,0.7634
3.9391,3.9507,1,194.02,3.4084,728,9.4995
1.1007,4.233,5,68.97,0.0,79,0.0
4.122,4.3936,2,270.94,0.0707,1089,1.0555
1.9639,0.674,3,161.23,5.0724,283,16.0556
4.6644,4.1663,2,167.83,0.103,809,1.0125
4.499,0.9018,4,206.97,21.5744,750,47.0044
2.9206,1.8768,2,121.96,0.1747,338,1.4826
1.4087,2.9642,5,210.12,0.0,307,0.0
3.5624,4.515,1,293.24,0.6894,1039,3.5634
2.7931,1.9531,5,216.05,0.0005,606,0.1624
4.5399,3.812,4,228.63,0.0016,1015,0.2014
0.534,0.6934,1,88.7,2.8591,40,11.757
2.3525,0.5276,1,60.78,29.3805,33,46.6504
1.287,4.7683,4,148.89,0.0,208,0.0
2.8458,2.7038,5,121.53,0.0,391,0.0
0.7503,1.1848,2,171.66,0.067,129,1.9385
2.9711,1.6835,3,198.29,0.1337,592,1.5529
3.4874,3.0834,1,110.14,6.5445,335,13.1956
3.852,4.7105,4,204.62,0.0011,752,0.1502
1.5819,1.7617,5,156.82,0.0,252,0.0
1.1558,4.2972,3,92.82,0.0,112,0.0
1.549,2.1457,1,279.43,1.255,423,6.6223
3.0038,4.0848,2,72.35,0.0514,200,0.7781
1.4643,4.3524,1,212.57,0.1258,307,1.6727
1.2177,4.9648,3,207.67,0.0005,239,0.0912
2.9409,2.8717,5,237.58,0.0002,745,0.057
3.8515,3.8994,4,154.19,0.0006,625,0.1331
1.712,4.8006,3,208.41,0.0002,396,0.0326
4.3076,1.7236,2,68.72,9.0186,226,15.466
3.6266,1.2407,1,275.35,74.8436,339,165.0321
0.9916,1.3481,1,77.3,2.4876,81,7.9533
2.1802,0.5691,2,203.13,48.6695,229,95.9511
1.6282,4.1949,3,126.69,0.0004,215,0.0612
4.3947,1.8187,5,172.58,0.0446,742,1.2554
4.2297,3.9573,1,91.12,1.1982,345,4.2173
0.858,3.1493,5,162.55,0.0,142,0.0
4.6229,2.8108,2,134.1,0.369,620,3.0312
2.9553,4.0633,2,133.63,0.0515,385,0.8864
1.7695,4.4335,1,103.68,0.1165,184,1.254
2.6462,3.5969,5,243.89,0.0003,671,0.1194
1.7759,4.0724,1,273.94,0.1732,482,1.9666
4.7145,0.8061,2,215.92,72.6664,331,141.0319
3.6576,1.4737,2,63.96,9.9167,183,18.1173
2.9646,1.815,1,236.37,34.7179,446,84.5429
1.0611,3.6201,2,113.86,0.0034,117,0.2209
3.8056,1.8955,2,269.54,6.3679,978,13.2747
1.964,3.5008,3,230.99,0.0021,430,0.3952
1.4489,3.4937,5,269.69,0.0,406,0.0
3.9624,3.5403,3,70.4,0.0111,268,0.3101
1.5557,1.8999,5,163.55,0.0,269,0.0
1.8727,3.4377,3,118.92,0.0008,225,0.1073
1.6458,3.7835,1,243.55,0.2161,406,2.3732
2.8827,3.3718,3,88.24,0.0083,243,0.3113
3.7378,4.6114,5,151.18,0.0,598,0.0
0.7372,3.588,3,73.37,0.0,42,0.0
3.5448,4.2391,2,95.19,0.059,359,0.8969
2.9525,1.7654,2,237.21,0.5969,668,3.2138
2.3594,2.4696,2,117.28,0.0964,289,1.0297
2.8775,4.2247,2,185.45,0.0387,549,0.7249
4.5636,2.4969,5,134.54,0.0034,612,0.3212
4.1186,4.2587,3,193.68,0.0089,807,0.5572
3.9865,2.3909,1,83.92,16.3539,196,35.6106
2.6419,4.4633,3,99.06,0.0018,269,0.2067
4.3781,1.2646,3,73.88,5.659,276,11.7486
4.871,1.036,3,299.2,40.0581,945,94.0619
4.8087,0.9584,1,297.06,117.9087,291,230.2633
4.7932,2.2422,1,172.18,39.2912,421,83.4723
2.4312,0.9586,4,95.09,0.472,222,2.4624
1.8048,2.3658,5,177.74,0.0,307,0.0
1.641,2.9338,4,157.13,0.0009,275,0.2477
3.0742,2.4807,1,166.14,12.6332,439,21.9514
4.1696,1.3811,1,135.05,39.309,201,81.798
3.1693,4.7201,5,252.09,0.0,740,0.0
0.6871,4.6713,1,72.19,0.0462,53,0.3217
4.1128,1.1753,1,278.54,109.4826,325,201.1631
4.5828,1.4604,1,216.66,74.9231,312,145.3634
3.5281,1.954,2,244.49,1.2773,796,6.476
1.2779,1.7774,3,200.6,0.0016,239,0.1602
4.3107,4.7278,3,275.1,0.0103,1189,0.5396
2.0128,1.002,3,219.6,0.2269,441,2.2578
0.5296,1.6384,2,221.27,0.0014,121,0.1701
2.8569,4.9414,3,255.23,0.001,729,0.2135
4.3216,1.7675,4,84.22,0.0871,370,0.8179
4.4634,2.7248,4,153.61,0.0313,706,0.7447
4.0111,4.209,5,214.02,0.0002,897,0.1377
4.5145,4.4008,2,74.95,0.0908,329,0.9063
4.4342,2.869,4,197.46,0.0078,849,0.4273
3.6483,3.253,5,268.11,0.0008,952,0.2311
4.7489,1.9103,2,256.62,14.4485,1032,36.0869
1.0592,2.365,3,176.71,0.0,184,0.0
0.7897,4.5283,1,123.03,0.0337,103,0.6773
1.4149,0.8365,3,255.84,0.298,351,3.2191
1.3307,4.8713,3,137.71,0.0006,164,0.0944
1.0747,2.8543,4,246.71,0.0,260,0.0
1.1669,1.8454,2,127.03,0.1428,156,1.8336
1.2622,2.548,4,98.04,0.0,132,0.0
0.6103,0.9264,4,251.75,0.0,167,0.0
1.4883,3.9666,4,269.13,0.0,419,0.0
4.787,2.2261,1,187.16,50.8534,422,98.7951
2.2844,3.6737,2,270.75,0.0387,659,0.8943
1.2905,3.863,2,115.63,0.006,157,0.6787
3.8398,3.9837,1,281.1,5.0844,1091,12.0164
0.8135,1.53,2,81.61,0.0064,56,0.2137
1.6036,4.0422,3,181.59,0.0,285,0.0
1.1091,3.1626,3,136.73,0.0019,166,0.2668
1.2442,1.2368,3,299.56,0.0692,384,1.8588
2.8296,2.3559,5,235.77,0.0002,628,0.049
4.8302,1.1622,3,299.78,26.1085,1105,64.7172
2.1944,3.0176,5,159.92,0.0,354,0.0
0.5442,0.9204,2,196.3,0.0991,99,2.1001
0.8038,2.4307,3,116.47,0.0145,87,0.6864
3.2847,3.9932,2,133.05,0.063,457,1.1982
1.5331,4.8698,2,225.11,0.0031,317,0.1975
1.3578,0.715,4,89.5,0.1726,104,2.6585
4.9059,2.3286,3,197.08,0.2021,956,1.5544
3.2085,4.6113,1,280.97,0.4273,877,2.6066
1.171,3.4146,1,105.95,0.1161,121,1.0855
3.705,4.6749,3,244.32,0.0059,907,0.3858
2.045,2.1151,4,277.87,0.0026,548,0.4116
4.1418,2.3697,1,76.95,17.9526,196,29.4377
4.1637,2.7187,5,259.8,0.0006,1086,0.1269
1.8296,1.4222,5,173.89,0.0002,294,0.0361
0.7256,3.0815,3,144.07,0.0,112,0.0
2.0481,2.6655,2,291.91,0.0597,567,1.8529
0.5879,2.724,2,144.04,0.028,92,0.7045
0.6262,3.2742,4,123.1,0.0,78,0.0
3.9992,2.9431,3,65.59,0.032,277,0.5754
1.2164,2.2333,4,294.81,0.0,351,0.0
3.1442,4.4391,1,225.37,0.3157,688,2.0169
4.6514,0.5584,3,166.92,54.4285,281,106.1764
3.8479,3.5075,1,283.11,19.5485,935,31.4961
3.1176,2.1995,2,276.92,0.4678,872,3.2996
4.9178,0.516,4,80.93,20.2796,164,44.7413
1.0883,2.2436,5,218.49,0.0,234,0.0
3.2785,4.6685,2,260.2,0.0314,857,0.9614
2.3332,3.6387,4,208.53,0.0004,516,0.12
4.3313,2.8842,2,203.46,0.5283,935,3.1672
4.0269,1.688,2,173.09,14.4757,574,29.4434
3.4917,3.189,1,100.51,5.7946,302,11.7175
4.5539,0.557,1,80.16,32.2646,49,69.3816
2.7874,2.3755,5,159.14,0.0005,439,0.1999
1.8398,3.0637,1,113.69,0.3226,200,1.9046
1.9632,1.28,4,297.78,0.0347,569,1.3143
2.8973,3.6121,2,139.38,0.0438,416,0.8922
3.2595,1.5213,1,236.4,56.8074,365,117.5223
2.5538,1.0168,5,77.71,0.0453,198,0.8186
1.3459,2.28,2,133.16,0.0323,159,0.6694
2.6243,4.3559,4,140.49,0.0,400,0.0
1.9866,2.863,5,164.18,0.0,287,0.0
3.3219,3.3378,5,136.84,0.0,493,0.004
1.4496,2.5246,1,296.52,0.3673,416,3.6057
2.7753,4.7576,2,287.55,0.0214,788,0.6291
2.5917,1.985,3,201.59,0.0336,528,0.9768
4.232,4.3777,3,231.32,0.0059,964,0.3985
1.4168,0.8771,2,222.16,3.0013,307,14.2837
0.6975,4.6998,1,86.85,0.0163,46,0.5378
4.6352,3.4567,1,189.66,25.7935,694,45.4788
4.2742,3.8227,4,76.54,0.0019,320,0.1566
1.2437,3.786,2,103.83,0.0006,128,0.0724
0.7185,0.8154,5,66.7,0.0,47,0.0
4.3481,1.618,4,80.82,0.363,370,3.2429
3.5478,1.8758,4,264.44,0.0423,967,0.9657
1.4656,2.6972,1,73.8,0.3543,102,1.8175
1.1011,1.5928,2,106.12,0.0411,131,1.8135
3.6872,3.5127,2,113.71,0.0896,429,0.9613
1.203,1.4145,3,269.18,0.0312,327,0.8993
3.3237,3.6362,5,237.6,0.0,796,0.0068
1.9128,1.495,5,275.11,0.0018,524,0.3155
3.223,3.4237,3,262.91,0.008,829,0.3216
3.7315,4.0016,4,255.04,0.0032,957,0.3275
1.3999,3.7957,2,257.37,0.0065,381,0.2835
3.5272,4.8079,2,215.75,0.0394,770,0.6526
4.462,1.788,3,163.77,2.1271,720,9.9262
1.772,2.553,3,179.24,0.0236,323,1.4736
4.4729,2.0012,4,270.85,0.0357,1166,0.9246
1.8541,0.578,3,172.63,9.791,311,17.5725
2.2859,3.6805,5,217.79,0.0,478,0.0
4.3609,3.363,4,101.96,0.0077,461,0.3497
4.1003,2.3557,5,160.35,0.0069,684,0.4061
1.3966,4.4366,3,157.84,0.0,167,0.0
2.9191,4.5542,4,249.23,0.0001,707,0.0529
1.1214,4.0274,4,87.55,0.0,101,0.0
3.683,4.7804,1,177.74,0.4498,678,2.4645
3.7561,1.3994,4,136.06,0.1769,456,2.0141
4.9815,1.2273,2,98.21,24.8721,230,52.1958
3.5723,3.9691,4,164.75,0.0062,592,0.6364
3.582,4.1819,2,164.82,0.0853,591,1.274
2.1476,2.1426,5,195.61,0.0,382,0.0
2.7335,1.3127,5,213.08,0.0157,578,1.137
4.7643,0.6995,4,293.56,55.1665,794,124.2723
4.4884,3.9187,5,113.59,0.0008,479,0.1592
2.6979,2.4734,5,230.62,0.001,612,0.1927
4.9733,4.634,3,161.16,0.013,844,0.5649
1.8567,1.9706,5,78.32,0.0,134,0.0
4.2907,3.4281,1,163.1,17.0535,554,36.4411
1.9799,1.221,4,253.06,0.042,513,1.1516
3.8366,3.0144,2,294.13,0.1797,1098,1.7819
3.0752,2.7938,3,134.41,0.0112,383,0.4326
4.8771,3.7156,3,111.38,0.0278,540,0.7269
2.7045,3.9296,3,231.1,0.0092,618,0.6345
1.097,1.5332,5,258.64,0.0,293,0.0
2.7973,2.0485,5,198.62,0.0005,522,0.1912
2.7698,2.6883,5,233.97,0.0,633,0.001
2.1609,0.9939,1,256.81,72.84,268,136.2745
1.9364,1.0655,2,124.06,2.1457,234,6.4968
4.9367,0.7459,1,143.98,61.5796,117,121.9874
3.1363,1.252,1,166.83,43.3706,232,86.7407
3.5354,1.7739,3,178.42,0.212,629,1.8457
0.817,1.8958,2,161.4,0.0275,144,0.7222
1.9709,1.8297,4,292.14,0.0051,558,0.4704
3.3962,0.9868,2,62.36,10.5043,128,30.29
3.3166,1.5449,5,286.94,0.0149,901,1.0799
4.8043,0.963,4,159.9,14.9552,608,37.4634
3.9378,4.2172,5,127.99,0.0,497,0.0
2.9089,1.1079,3,86.32,1.3889,244,5.8087
2.0251,1.054,3,108.17,0.7346,208,5.264
2.5885,4.012,4,281.68,0.0001,697,0.0497
3.287,2.3432,2,159.73,0.3022,530,2.1489
3.255,4.216,2,126.05,0.0312,406,0.6488
0.572,1.6512,2,110.33,0.0151,65,0.4931
2.1857,0.8818,3,177.3,1.1397,379,5.8
0.7801,4.7299,3,185.07,0.0,122,0.0
1.0359,1.648,3,217.94,0.0028,232,0.2434
1.2613,2.8735,1,142.05,0.1623,161,2.6706
4.9668,0.7828,4,82.66,13.7707,271,26.4474
4.3913,0.9177,5,259.12,1.2104,1110,5.3705
3.7561,4.2158,3,269.52,0.0104,1002,0.4645
2.5903,1.744,5,112.15,0.0049,288,0.2954
3.8349,2.3806,5,260.18,0.0036,995,0.3591
2.7334,2.5971,1,168.11,3.1674,415,7.7808
0.6325,4.1186,2,81.99,0.0,55,0.0
2.2433,1.5972,5,174.12,0.0011,404,0.2507
3.7087,0.5108,3,299.44,85.7869,479,172.6263
1.5871,2.3005,2,230.28,0.0575,374,1.2003
4.3972,0.5654,4,186.5,39.0751,445,82.5252
1.1322,4.8664,3,151.09,0.0,192,0.0
3.0866,4.3774,3,92.75,0.0026,293,0.1839
2.7465,4.2023,4,294.63,0.0,783,0.0195
3.093,4.615,3,84.1,0.0074,294,0.3693
1.8961,4.3411,5,264.52,0.0,515,0.0
1.9092,1.0598,4,228.16,0.0413,428,0.9839
4.0159,3.3556,4,127.32,0.001,499,0.2025
2.2752,1.7037,1,270.77,29.5721,448,64.4082
2.7685,3.0659,5,271.93,0.0,676,0.0182
1.6165,3.7527,3,177.0,0.0015,285,0.1546
3.2124,0.9,3,117.47,14.437,289,34.509
4.5166,0.6388,5,185.44,25.3093,631,49.2056
1.786,4.0173,2,106.86,0.0072,174,0.2907
2.6203,0.6052,1,170.66,66.9671,109,126.1598
2.3814,4.5163,1,205.47,0.231,467,2.902
3.0267,3.3593,3,220.3,0.0038,617,0.4223
3.3173,4.4459,5,290.38,0.0,923,0.0348
1.0762,0.8832,4,210.12,0.0149,226,0.5151
2.1553,0.6398,4,134.29,0.9912,281,3.7999
0.532,3.6502,3,125.64,0.0,71,0.0
0.6251,0.9172,4,219.62,0.0,138,0.0
3.4409,4.9028,2,297.74,0.0233,1040,0.8855
3.9804,4.9653,2,257.73,0.035,1005,0.5265
0.8427,4.5215,2,85.38,0.004,69,0.2756
1.6627,0.9709,1,292.03,60.9567,304,111.6968
3.5852,3.2375,3,89.13,0.0187,311,0.6455
1.0643,3.7544,3,175.66,0.0,180,0.0
4.559,0.7324,3,231.05,59.4027,532,113.1526
1.7209,2.8149,4,286.73,0.0,492,0.0231
2.1466,2.2242,4,207.38,0.0088,456,0.677
1.5097,4.2983,2,180.96,0.0084,272,0.4801
4.0074,2.9422,3,284.49,0.0263,1084,0.5598
3.3724,0.5449,5,289.36,26.1061,791,50.9343
0.8978,1.9099,4,104.96,0.0,82,0.0
3.3662,3.0502,5,140.11,0.0,468,0.0
3.1311,2.0584,5,155.1,0.0006,472,0.1224
2.7287,3.476,4,249.01,0.0,632,0.0
0.6182,0.8494,5,198.82,0.0,119,0.0
1.8376,1.0244,1,143.04,27.7856,154,61.7288
4.0201,3.6252,1,188.78,8.1027,726,16.1797
3.1017,0.995,1,93.82,29.3099,108,54.373
1.0477,2.258,1,138.42,0.336,135,1.9778
0.9352,3.5681,3,281.93,0.0001,251,0.0369
2.5755,4.4485,5,163.13,0.0,413,0.0
4.9585,0.8268,3,193.45,53.1022,446,107.5968
0.5256,2.0075,4,294.17,0.0,172,0.0
4.2506,4.6543,3,73.58,0.0077,315,0.3168
4.5263,0.8483,3,156.17,32.1928,404,62.0803
3.3808,1.2313,3,167.94,0.6435,539,3.6914
2.9956,4.2691,4,265.89,0.0002,766,0.1741
2.2643,4.7395,5,222.85,0.0,500,0.0
1.7256,2.5031,3,224.1,0.0052,378,0.3957
2.0561,3.4088,1,226.63,0.5827,456,3.4278
4.48,1.7899,2,212.02,24.7964,731,56.4632
3.4997,1.379,2,157.87,13.4274,423,30.9813
4.7081,2.6985,1,251.74,50.7236,670,102.7135
0.5997,3.8642,1,297.87,0.0551,189,1.3046
1.1953,2.986,1,113.15,0.1934,141,1.8211
2.7337,2.4531,4,194.49,0.002,515,0.2918
2.1406,1.5204,3,260.72,0.0869,621,1.7362
0.9009,1.4842,2,268.12,0.0493,236,1.1211
1.7243,4.9763,4,94.88,0.0,147,0.0
3.4211,0.9902,3,178.75,10.8228,515,19.7784
1.2372,4.0592,5,240.75,0.0,289,0.0
3.1226,3.275,4,78.01,0.001,243,0.0602
3.1789,3.8457,4,168.07,0.001,533,0.1586
0.9062,4.9412,4,113.69,0.0,93,0.0
3.2624,1.1103,3,111.67,2.7278,369,6.9102
0.5522,4.1824,1,136.1,0.0677,84,1.185
2.114,2.486,4,248.96,0.0013,554,0.3205
1.4853,4.1909,4,71.75,0.0,94,0.0
2.3126,4.3897,5,116.7,0.0,263,0.0
1.0217,0.6369,2,151.11,1.6446,141,6.7384
3.8482,1.7112,2,229.91,8.8357,838,23.0697
2.1449,2.1945,4,158.65,0.0008,312,0.1139
2.1588,3.605,2,273.11,0.0351,577,1.1653
1.3213,2.3816,1,263.51,0.6973,334,4.7765
2.9301,1.6231,5,61.51,0.0132,178,0.616
2.8027,3.7413,2,285.66,0.0245,762,0.7979
2.4256,3.8897,2,209.95,0.0298,492,0.7395
3.1199,2.3914,5,256.31,0.0007,797,0.1867
3.7727,4.1589,1,104.18,1.1476,361,4.176
2.4532,1.6858,4,276.4,0.0069,654,0.5098
3.1921,1.2942,1,148.8,48.2969,181,96.2952
3.9307,4.4882,4,86.4,0.0001,312,0.0371
4.831,3.9737,3,115.77,0.0161,544,0.5717
4.9404,2.4173,1,192.93,53.9713,441,102.0739
1.8983,4.2453,3,295.7,0.0009,571,0.1898
1.5144,2.0808,5,197.17,0.0,320,0.0
3.5484,4.0292,2,184.39,0.0503,673,0.9381
1.6081,3.6934,4,179.25,0.0,278,0.0
2.9586,3.2432,4,167.03,0.0006,455,0.1822
4.028,2.484,4,237.52,0.0141,922,0.7588
4.8815,4.6694,4,92.93,0.0014,427,0.185
0.6755,1.5456,2,188.42,0.0073,142,0.3513
3.4214,1.0256,5,174.45,0.1606,551,2.3696
3.194,3.8016,5,179.68,0.0003,564,0.0741
3.4987,3.9346,3,111.46,0.0083,422,0.2902
2.5344,2.0488,5,268.03,0.0,644,0.0177
0.7785,1.7157,4,202.24,0.0,171,0.0
1.106,0.8201,4,290.62,0.0046,320,0.4435
4.0496,3.9288,3,231.7,0.011,922,0.4244
2.2468,2.2172,1,217.95,6.7855,446,18.8682
4.0,4.9082,4,84.85,0.0006,342,0.0956
2.3,1.9765,3,293.33,0.0201,642,1.0752
3.2019,3.3904,1,192.96,2.4693,623,6.681
2.3531,0.7724,2,200.0,33.159,307,69.0688
0.7165,3.86,4,118.64,0.0,83,0.0
3.1146,3.824,3,173.59,0.0118,580,0.4774
0.506,0.7135,1,140.69,1.3441,76,7.4387
3.5129,2.9684,4,130.25,0.0006,459,0.0848
4.8065,1.0005,1,138.09,58.2446,143,106.0207
0.6936,2.5712,1,258.27,0.1702,186,2.9039
4.0732,4.7797,1,69.43,1.2541,262,4.5312
3.1312,2.0611,1,185.59,35.3306,384,64.5863
2.2345,4.7739,3,177.13,0.0014,376,0.2221
1.1803,3.9569,3,109.47,0.001,136,0.0682
3.2929,0.9241,4,255.43,1.4226,827,7.99
4.186,1.5828,3,283.31,1.9644,1235,6.0233
4.2263,1.9575,4,76.24,0.055,353,0.6771
1.9108,3.3282,3,298.69,0.0026,555,0.2922
4.7693,1.0843,4,126.52,7.764,559,14.1072
4.7864,3.4282,2,78.84,0.2615,419,1.8094
4.6051,3.9351,3,247.89,0.0119,1136,0.6951
1.3593,3.3994,4,109.56,0.0,146,0.0
3.8533,0.9675,3,71.69,9.3073,194,20.2001
2.1652,0.8637,1,124.35,30.0574,120,63.3689
2.6286,1.0094,5,244.46,0.0914,656,1.3727
3.7133,2.3108,5,166.08,0.0017,576,0.1953
2.0159,4.5401,3,135.64,0.002,287,0.1484
2.3425,1.4823,3,279.67,0.0882,630,1.7453
1.9707,1.3785,5,266.94,0.0056,522,0.7176
1.2507,2.9533,1,202.49,0.3269,300,4.3325
2.7597,3.9522,5,126.12,0.0,331,0.0
1.3902,1.7753,1,119.93,0.8834,133,4.342
3.8234,0.7829,1,229.09,80.1394,190,178.6439
3.6068,2.503,5,150.8,0.0007,532,0.1762
1.2182,1.3998,4,230.93,0.0074,281,0.3863
0.9728,4.1114,1,234.54,0.0618,211,1.2721
4.0505,0.6329,5,161.55,15.926,500,33.9387
4.47,3.1311,5,255.6,0.0016,1138,0.2018
3.1309,1.4851,3,243.8,0.4552,740,3.0771
1.9127,3.3688,1,129.78,0.2403,244,1.4983
1.3167,2.613,3,218.91,0.0012,274,0.1194
4.061,1.1981,4,202.73,0.769,821,4.61
2.0301,2.551,2,298.64,0.0571,584,0.8857
1.9217,1.9294,5,186.68,0.0008,355,0.1762
1.1731,2.6657,4,104.72,0.0,107,0.0
1.6883,2.7742,2,137.26,0.0174,209,0.3963
2.548,3.4657,1,271.14,0.6023,636,2.7002
4.5896,1.1641,5,201.53,0.4411,897,3.5732
1.5453,4.0397,5,82.4,0.0,153,0.0
1.7217,4.5287,2,70.53,0.0018,109,0.0993
1.444,2.7002,4,156.18,0.0,234,0.0
4.616,2.6409,4,133.58,0.0184,604,0.6542
3.3475,3.5676,4,158.24,0.0023,575,0.214
1.8342,1.9194,2,127.27,0.1471,237,1.6027
1.7375,4.6315,1,239.22,0.1859,416,2.0103
1.4061,3.0707,1,126.36,0.3293,189,1.8424
4.5178,2.7554,5,160.87,0.0018,724,0.1736
2.0282,3.1832,3,279.19,0.0016,536,0.268
1.0928,3.5895,3,139.69,0.0,143,0.0
3.0085,1.9305,4,85.28,0.0234,270,0.5315
1.5502,2.8454,2,245.1,0.0373,389,1.1319
3.9495,1.0035,1,240.4,93.9259,248,183.9157
1.0807,2.4602,2,241.21,0.0177,263,0.9098
2.0501,4.8342,5,259.7,0.0,532,0.0
1.2177,2.7579,4,222.61,0.0,260,0.0
4.7065,2.2229,2,120.07,3.1595,550,8.9651
3.2256,2.2095,4,292.51,0.0148,939,0.7175
0.6741,3.6592,1,288.84,0.0696,191,1.5206
4.6598,2.6384,5,105.58,0.0032,514,0.3733
3.9423,3.5574,2,204.98,0.0983,800,1.1518
0.9994,1.2089,3,71.75,0.0,71,0.0
3.6604,4.639,4,109.7,0.0005,386,0.119
4.59,2.6057,2,107.29,0.8122,460,3.7499
0.5352,2.5579,4,230.13,0.0,118,0.0
3.1557,1.3528,2,180.97,10.6098,489,17.7326
1.7117,3.2455,5,262.67,0.0,431,0.0
2.4201,0.6587,2,292.66,75.9541,382,139.2471
3.748,1.3185,3,140.3,6.5153,546,13.4226
4.635,2.5449,2,208.39,1.5674,991,4.3467
1.2373,4.4415,4,92.48,0.0,104,0.0
1.4553,3.2839,4,64.87,0.0,91,0.0
4.9616,2.2542,3,184.66,0.3112,905,2.4915
3.4351,0.8408,3,217.42,30.8663,567,60.1715
1.9553,2.205,5,274.13,0.0004,512,0.1968
2.7457,4.9352,3,259.27,0.0025,687,0.2716
1.3389,0.5202,5,292.14,0.1971,383,3.9372
3.2638,1.3309,3,122.91,1.0121,419,3.7555
1.7509,4.1782,5,259.99,0.0,442,0.0
0.902,0.9082,1,179.71,11.2146,162,29.6875
3.9793,4.5407,3,163.69,0.0043,652,0.2709
4.9688,0.7974,2,270.44,90.6735,446,176.6914
4.1471,3.5596,3,166.11,0.0211,682,0.9433
0.8192,3.4022,5,107.78,0.0,95,0.0
3.4984,4.1548,1,165.09,1.9196,605,6.4663
3.7564,4.3618,2,138.06,0.065,536,0.8484
2.6753,1.1772,5,294.31,0.0125,757,0.6769
0.9432,4.7763,3,165.99,0.0009,147,0.1252
2.8892,3.7274,4,141.92,0.0,403,0.0
4.428,3.7789,5,176.33,0.0006,752,0.1081
3.4892,4.2253,4,246.04,0.001,874,0.2272
3.6302,0.9907,4,216.09,2.4732,810,6.7426
3.1608,3.7091,2,228.33,0.0426,709,0.8945
4.8301,3.1501,5,81.09,0.0004,413,0.0843
3.7061,1.0125,5,103.45,0.2046,355,2.4546
2.5838,3.8202,5,207.23,0.0001,528,0.0284
4.3634,2.2081,1,177.18,37.5365,404,75.5532
4.4722,4.208,5,123.27,0.0002,552,0.0466
0.948,3.9224,5,173.09,0.0,165,0.0
0.5661,2.9978,1,171.89,0.1031,114,1.4174
0.6351,4.4704,1,115.5,0.0383,62,0.4891
3.6893,1.5577,3,66.47,0.3003,227,2.1439
2.2468,3.2294,3,183.62,0.0011,417,0.0784
0.7125,2.1841,1,227.61,0.1794,174,2.5836
2.4693,4.7712,4,110.62,0.0,288,0.0
4.0326,4.1564,2,187.14,0.0724,740,1.0814
0.9156,4.7979,1,148.35,0.0524,149,1.0031
4.3344,2.1783,5,80.04,0.0104,353,0.4586
1.3759,4.3198,3,129.24,0.0,164,0.0
1.231,3.5745,1,129.41,0.2044,172,2.0972
1.1942,1.9739,5,110.58,0.0,131,0.0
1.9487,4.7074,5,126.24,0.0,244,0.0
3.4178,4.5134,5,165.47,0.0,571,0.0
3.602,1.2662,5,117.59,0.0938,410,1.3939
4.3795,4.1557,4,258.34,0.002,1062,0.3586
2.1114,3.9345,3,139.32,0.0005,244,0.1148
0.5535,3.4005,3,271.74,0.0,143,0.0
4.868,4.6959,3,194.06,0.0091,987,0.2983
3.8892,2.7686,4,264.9,0.0125,1048,0.8417
4.6844,3.1964,2,280.81,0.2594,1257,2.3715
4.9185,2.0335,3,131.94,0.484,674,2.5547
3.8771,1.812,4,127.86,0.0261,495,0.5916
1.4847,2.0087,3,181.18,0.0126,267,0.7977
2.8362,0.6433,2,161.56,48.9473,203,94.1106
3.8135,3.8052,5,196.83,0.0001,757,0.0513
0.6985,2.5597,5,205.58,0.0,136,0.0
1.7031,0.7422,2,284.06,23.4519,424,37.0254
1.3655,4.5257,5,220.17,0.0,327,0.0
2.5876,0.8623,5,164.0,0.1518,441,1.7495
3.4348,4.8639,4,178.77,0.002,576,0.2926
1.6326,2.246,4,123.38,0.0001,213,0.0141
4.4952,0.7349,2,84.23,26.6156,129,56.3788
4.3037,2.3061,4,139.65,0.0294,587,0.4902
1.1123,3.5499,3,100.55,0.002,122,0.2054
0.8602,4.2814,5,83.68,0.0,59,0.0
4.5257,2.6209,1,132.89,29.4337,353,56.0755
4.8157,2.3002,2,154.63,7.4796,696,15.0171
2.9354,3.8646,2,220.18,0.0295,640,0.8019
0.9193,0.7751,5,196.77,0.0003,202,0.0671
2.7751,3.626,5,129.86,0.0,381,0.0
4.4181,2.3347,3,207.1,0.123,931,1.5805
2.1422,1.8814,2,156.12,0.2237,324,1.7583
4.2491,3.9302,1,83.08,6.1065,329,10.2166
1.224,3.2354,2,181.76,0.01,230,0.3796
4.0515,4.7484,5,246.76,0.0001,980,0.0487
4.6452,1.8036,2,234.44,27.8766,825,57.5846
3.3163,0.5559,4,295.65,46.4918,678,90.9024
1.5455,2.5517,4,147.96,0.0,232,0.0
1.4046,0.8854,4,288.98,0.0372,421,2.0397
4.3259,1.8049,2,280.48,20.4458,1064,31.2276
3.6447,3.7277,4,89.29,0.0002,332,0.0378
4.5113,2.7395,1,210.72,42.9642,580,78.6039
2.9263,1.4498,2,255.23,5.0633,673,15.3605
4.8565,4.2539,5,140.12,0.0004,682,0.1171
0.8724,0.7771,4,258.55,0.0239,241,0.8504
3.8355,3.4645,1,272.67,10.9456,929,28.1625
1.5764,3.119,1,106.59,0.4648,194,3.2256
1.6901,2.2885,4,202.68,0.0,335,0.0033
4.2195,3.7377,4,142.68,0.0016,603,0.3283
1.4948,0.8218,1,110.05,16.8305,88,47.5922
4.5796,4.312,3,263.17,0.0156,1204,0.5718
3.1221,1.0301,2,123.98,20.7101,265,41.9338
4.5902,1.8336,4,199.52,0.1215,952,1.691
4.2819,4.3857,2,215.16,0.056,942,0.8315
3.7517,1.1418,4,265.55,0.5655,1001,3.6063
1.1277,4.4748,3,78.92,0.0,80,0.0
0.6017,4.6695,2,140.94,0.0003,84,0.0283
1.6721,1.0844,3,107.93,0.0744,169,0.8814
2.7726,0.8464,1,209.84,64.2235,185,151.5412
3.1837,4.1443,3,136.74,0.0089,489,0.3892
2.4007,3.4793,2,145.66,0.0408,341,0.6688
4.2954,0.7553,3,137.26,33.3076,304,62.6356
1.4672,4.8164,1,292.55,0.0512,420,1.0538
2.7202,2.1882,4,242.21,0.0047,609,0.364
4.4485,3.6156,3,273.26,0.0262,1250,0.8003
2.1257,4.0407,1,259.84,0.2335,535,2.0167
1.6715,2.1477,3,245.69,0.0181,396,0.6636
4.1207,1.6804,5,259.26,0.0444,1066,1.384
4.0159,2.832,2,220.25,0.3939,886,3.215
3.145,1.2895,4,174.86,0.1541,537,2.2411
3.7185,4.9475,1,162.99,0.5399,580,3.5732
3.1579,1.1712,3,96.58,2.7542,304,5.9947
4.1237,3.803,4,296.77,0.002,1265,0.2292
4.2498,3.3185,2,286.44,0.1432,1133,1.519
2.8673,3.2331,2,184.95,0.0726,539,1.2234
1.6812,4.3681,2,113.29,0.0076,191,0.3251
3.0124,0.6236,4,108.2,3.9378,273,12.4729
3.0093,0.7185,4,274.15,7.7366,748,15.6609
3.3333,3.6679,1,275.19,1.6202,878,6.1488
2.1592,3.1318,3,195.94,0.0017,406,0.1788
4.7354,4.9692,3,145.45,0.009,733,0.34
4.4894,2.3139,5,65.85,0.0114,276,0.3578
3.6438,4.3208,1,217.01,1.6405,784,7.7106
4.9868,1.6459,3,174.98,3.8054,819,12.8108
4.9079,1.1502,3,97.73,15.952,338,30.7473
2.8842,2.4592,2,242.7,0.2216,703,1.6749
0.6254,1.2084,4,81.0,0.0011,49,0.0524
0.9316,2.8594,4,247.87,0.0,234,0.0
3.0589,3.7446,1,277.61,2.255,857,7.6425
4.2027,2.7425,2,172.07,0.3851,694,3.3079
0.6938,2.4606,3,197.06,0.0,137,0.0
1.7528,0.5948,4,237.4,1.0426,404,6.6052
3.8279,4.2074,5,248.16,0.0001,978,0.0468
2.9035,0.5871,4,131.74,10.1196,298,28.6096
4.068,1.0352,1,124.63,45.5911,136,89.666
3.2715,0.5029,5,293.44,27.8309,774,61.1373
2.1008,4.0544,2,82.09,0.0126,155,0.5236
3.5089,2.0492,1,272.84,46.8472,578,93.2806
4.4725,2.4122,2,241.62,2.395,1068,6.8386
2.073,2.266,1,216.39,4.5511,434,12.6523
1.8496,4.2938,1,262.59,0.2262,498,2.4179
3.2826,0.5345,1,228.78,100.4711,129,191.5722
1.0522,4.8203,2,237.22,0.0037,295,0.381
3.5266,1.5047,4,187.02,0.1842,666,1.7546
2.6201,2.2038,5,101.15,0.0014,251,0.1868
1.8596,3.949,1,285.01,0.2723,584,2.6235
4.8892,4.6998,1,223.62,6.2758,1053,13.6776
0.6131,3.1901,2,174.94,0.005,118,0.2718
3.8885,0.6597,1,208.15,85.1379,134,173.0652
1.3332,1.3778,1,205.33,4.7961,247,15.6242
2.4933,3.0351,3,156.04,0.0108,437,0.5684
1.636,4.9352,5,145.5,0.0,229,0.0
1.6512,1.6313,5,296.27,0.0,473,0.0
4.2746,2.9843,3,65.69,0.0245,279,0.8288
3.0957,3.1166,5,279.21,0.0002,857,0.0999
2.46,3.4342,2,171.09,0.0289,389,0.8928
1.6207,4.1537,3,244.31,0.0008,377,0.217
1.6895,4.7737,3,272.75,0.0011,458,0.1538
4.2385,4.6199,1,278.91,3.102,1222,8.6399
4.7326,3.4116,2,283.42,0.2678,1350,2.2463
1.1158,3.3038,4,121.12,0.0,139,0.0
4.0152,1.2676,3,160.31,11.3996,542,25.9212
1.7192,4.5674,1,190.4,0.11,308,2.232
1.8499,1.1007,2,103.49,1.7422,175,9.8542
4.2113,3.8649,4,62.61,0.0017,302,0.085
3.2711,1.065,3,150.1,2.4011,490,8.4689
3.4945,4.7844,2,277.95,0.0336,992,0.8419
2.8181,4.7548,4,192.13,0.0,488,0.0
2.949,0.6002,2,186.77,54.2441,228,106.481
1.7987,4.8649,3,75.97,0.0008,142,0.0956
4.7864,0.7973,3,192.37,48.5504,451,103.1754
2.5118,3.1934,1,142.47,0.9737,369,6.8336
2.1834,2.9456,5,191.5,0.0004,391,0.0716
2.0658,4.6818,3,211.51,0.0008,467,0.1257
1.5679,3.6226,5,136.32,0.0,202,0.0
0.5254,1.833,1,140.72,0.119,71,1.4396
3.4636,1.9924,3,184.88,0.2118,676,2.1926
1.1935,3.6297,4,184.9,0.0,214,0.0
1.6652,1.1741,1,136.52,31.3961,129,62.8579
2.1181,4.1576,4,260.67,0.0,559,0.0
4.1706,1.8956,3,70.53,0.133,282,1.1842
4.3823,2.6505,1,175.09,37.7398,449,73.5883
0.7227,4.2504,1,216.28,0.0352,169,0.5345
1.0039,2.8309,4,216.99,0.0007,221,0.1605
3.8136,4.106,1,181.64,1.3547,703,5.2764
3.1231,3.4243,3,263.02,0.0049,806,0.4053
3.7289,1.7045,4,254.52,0.0707,955,1.1018
2.4726,3.7111,5,220.32,0.0,554,0.0
3.5201,2.9654,4,93.59,0.0057,324,0.5213
1.8994,2.5276,3,121.74,0.0015,239,0.2099
3.9152,2.9072,5,100.47,0.0012,385,0.1977
1.1903,3.6485,5,256.99,0.0,300,0.0
4.6827,3.2573,1,244.67,46.5734,751,93.4354
2.8515,2.1574,3,179.17,0.0561,539,0.8394
0.584,4.1186,4,213.36,0.0,129,0.0
1.4923,2.4424,1,225.39,0.3636,317,3.6736
0.8788,2.3168,3,142.06,0.0001,140,0.0209
3.2642,1.8556,5,256.68,0.0053,817,0.2927
3.4429,0.5381,4,225.58,44.7636,485,91.3392
0.6715,3.9004,1,226.47,0.0261,157,0.3438
1.4566,1.9609,1,199.44,1.8468,301,5.9765
4.6405,3.1381,5,113.87,0.0011,531,0.2394
3.0618,3.091,2,273.36,0.1123,865,1.4109
3.6004,4.9176,5,172.03,0.0001,665,0.0803
2.1318,1.297,2,270.86,0.9038,586,4.8659
4.0285,2.3478,2,156.29,1.1277,636,3.6752
2.8342,4.317,3,134.89,0.0018,374,0.2773
2.5449,0.5554,5,177.0,4.8819,468,11.9653
1.6596,3.0354,3,76.42,0.0,134,0.0
4.0074,3.2665,1,106.65,5.8911,348,15.5324
3.917,4.4334,2,143.41,0.0421,548,0.626
0.6016,3.9777,2,221.65,0.0017,128,0.1081
4.1641,2.3968,2,118.77,1.815,497,5.4299
